google.com, 268
facebook.com, 847.4
youtube.com, 1202.8
baidu.com, 1559
yahoo.com, 1438
wikipedia.org, 283
amazon.com, 2362.4
twitter.com, 1125.2
taobao.com, 2392.8
qq.com, 
google.co.in, 295.4
linkedin.com, 577.8
live.com, 1268.2
sina.com.cn, 10904.2
weibo.com, 1419.6
yahoo.co.jp, 1545
tmall.com, 
google.co.jp, 215.2
google.de, 215.8
ebay.com, 1909.6
blogspot.com, 703.8
hao123.com, 8904.6
reddit.com, 652.2
bing.com, 241.2
google.co.uk, 267
google.com.br, 213.8
amazon.co.jp, 1269.2
sohu.com, 
t.co, 
tumblr.com, 2417.2
imgur.com, 1116.2
google.fr, 249.4
wordpress.com, 474.6
pinterest.com, 1721.4
instagram.com, 540.6
msn.com, 343.2
paypal.com, 1643.6
apple.com, 333.8
microsoft.com, 
google.it, 276.4
aliexpress.com, 1687.8
imdb.com, 
xvideos.com, 1215.4
fc2.com, 2543.4
alibaba.com, 
stackoverflow.com, 596
google.es, 300.2
yandex.ru, 1993.4
ask.com, 640
360.cn, 1645.4
vk.com, 2085
amazon.de, 
netflix.com, 
163.com, 
go.com, 1139.8
adcash.com, 921
onclickads.net, 1177.8
google.ca, 248.6
craigslist.org, 311.8
google.com.hk, 241.8
naver.com, 1252
diply.com, 2554.2
xhamster.com, 1598.8
googleadservices.com, 231.2
gmw.cn, 7683.6
gmail.com, 430.2
rakuten.co.jp, 3626.2
amazon.co.uk, 
bbc.co.uk, 
google.com.tr, 228.8
amazon.cn, 8441.4
ebay.de, 1871.4
soso.com, 1791.4
kickass.to, 
mail.ru, 4625
cntv.cn, 315
google.ru, 246.8
pornhub.com, 1225.4
dropbox.com, 727.6
google.pl, 209
nicovideo.jp, 1515.2
google.com.au, 316.4
jd.com, 
googleusercontent.com, 57.2
cnn.com, 
espn.go.com, 2741
adobe.com, 2174.4
youku.com, 
dailymotion.com, 2362.6
xinhuanet.com, 
alipay.com, 
github.com, 1077.2
blogger.com, 408.8
google.co.kr, 237.6
flipkart.com, 2928.4
uol.com.br, 3525.2
buzzfeed.com, 2663.4
pixnet.net, 2600.6
huffingtonpost.com, 
nytimes.com, 
livedoor.com, 3105.2
espncricinfo.com, 2910
indiatimes.com, 
ebay.co.uk, 
google.com.tw, 241.6
tudou.com, 4096.4
dailymail.co.uk, 
wikia.com, 2848.6
amazon.in, 
outbrain.com, 2253.8
sogou.com, 1698.6
chinadaily.com.cn, 
booking.com, 
salesforce.com, 1409.6
chase.com, 1478.2
china.com, 
globo.com, 
blogspot.in, 
amazonaws.com, 2014.2
wordpress.org, 689.2
pconline.com.cn, 2420.8
douban.com, 5100.4
directrev.com, 547.4
themeforest.net, 1718.8
godaddy.com, 1702.4
weather.com, 3023.4
flickr.com, 922
ameblo.jp, 3470
yelp.com, 
google.com.eg, 373.8
google.nl, 453.6
ettoday.net, 
bankofamerica.com, 1661.4
cnet.com, 2412.4
dmm.co.jp, 2187.2
coccoc.com, 2410.2
about.com, 1073
etsy.com, 2207.2
slideshare.net, 
daum.net, 
google.com.pk, 283.8
life.com.tw, 4174.6
quora.com, 
theguardian.com, 1688.8
amazon.fr, 
naver.jp, 2593.2
bongacams.com, 3983
bbc.com, 3623.8
deviantart.com, 
xnxx.com, 
vimeo.com, 4056.4
forbes.com, 
stackexchange.com, 855
google.com.mx, 248.2
twitch.tv, 
people.com.cn, 4676.2
mozilla.org, 887
indeed.com, 538.6
redtube.com, 1589.6
snapdeal.com, 
reference.com, 
youradexchange.com, 139.8
livejasmin.com, 1549.6
ok.ru, 3065.6
aol.com, 
bp.blogspot.com, 
soundcloud.com, 1002.8
youporn.com, 997.6
walmart.com, 
china.com.cn, 9446.4
mailchimp.com, 416.8
wellsfargo.com, 1415
theladbible.com, 
bycontext.com, 
feedly.com, 
w3schools.com, 171.4
google.gr, 316.4
amazon.it, 
popads.net, 698.2
leboncoin.fr, 1764
google.co.id, 281.6
wikihow.com, 
zol.com.cn, 
businessinsider.com, 3952
office365.com, 1946
force.com, 1893
ilividnewtab.com, 131.8
adf.ly, 2361.4
google.co.za, 245.4
loading-delivery1.com, 
zillow.com, 769.4
xcar.com.cn, 
allegro.pl, 2908.8
thepiratebay.se, 369.4
google.com.ua, 261.4
washingtonpost.com, 3983.8
microsoftonline.com, 
tripadvisor.com, 
ifeng.com, 
ikea.com, 448.8
wikimedia.org, 373.8
onet.pl, 1662.8
vice.com, 3525.2
secureserver.net, 227.2
kakaku.com, 1729.6
goo.ne.jp, 4954.2
pixiv.net, 
livejournal.com, 1932.2
pclady.com.cn, 
torrentz.eu, 213.4
blogfa.com, 438.4
google.be, 250.8
sourceforge.net, 1064.8
smzdm.com, 
ppomppu.co.kr, 
google.com.co, 200
9gag.com, 
dmm.com, 2114.6
pcbaby.com.cn, 
blogspot.com.br, 
files.wordpress.com, 699
mashable.com, 
foxnews.com, 
web.de, 4952.6
ups.com, 375
nih.gov, 1177
tubecup.com, 2777.4
google.com.ar, 332.6
archive.org, 839.6
usps.com, 1637.4
quikr.com, 1182
ndtv.com, 1336.8
mystart.com, 1214.4
bestbuy.com, 
google.cn, 170.2
stumbleupon.com, 1244.6
google.ro, 303.8
gmx.net, 4206.2
zhihu.com, 
shutterstock.com, 1864.8
comcast.net, 
americanexpress.com, 743.4
google.com.sg, 286.8
office.com, 1048.2
weebly.com, 1557.6
xuite.net, 
doorblog.jp, 591.2
gome.com.cn, 2189.4
orange.fr, 2819
gfycat.com, 1044.4
google.at, 332.8
warmportrait.com, 
bet365.com, 1121.8
stamplive.com, 310.2
telegraph.co.uk, 
mercadolivre.com.br, 1156.6
icicibank.com, 1192.4
skype.com, 624.6
engadget.com, 1682.8
caijing.com.cn, 10719.8
youth.cn, 5913.8
akamaihd.net, 
avg.com, 2649.2
intuit.com, 2005.8
hdfcbank.com, 1781.8
pchome.net, 
pandora.com, 
mediafire.com, 1818.8
google.se, 320.2
hootsuite.com, 2978.6
wix.com, 
google.pt, 318.4
bomb01.com, 3713.4
amazon.es, 
haosou.com, 2391.4
target.com, 
ci123.com, 
jabong.com, 
wsj.com, 
ign.com, 1731.6
youm7.com, 
wp.pl, 8861
bilibili.com, 
tianya.cn, 2423.6
slickdeals.net, 
goodreads.com, 1862.6
taboola.com, 
hulu.com, 3141.8
wordreference.com, 281.8
rediff.com, 2788.2
groupon.com, 2556.4
hurriyet.com.tr, 
google.com.ng, 368
spiegel.de, 6060.6
hupu.com, 
likes.com, 
github.io, 86.8
trello.com, 1754
bild.de, 6654.8
media.tumblr.com, 
t-online.de, 8831.2
bleacherreport.com, 3828.8
webmd.com, 1547
bloomberg.com, 1094
addthis.com, 1074.4
iqiyi.com, 3911
fedex.com, 354.6
usatoday.com, 656.6
google.ch, 306.2
zendesk.com, 
mama.cn, 
badoo.com, 872.6
starsports.com, 1444.8
fiverr.com, 
lifehacker.com, 
seznam.cz, 
steamcommunity.com, 707
39.net, 
hp.com, 
techcrunch.com, 
kickstarter.com, 1900.4
steampowered.com, 820.2
accuweather.com, 
wow.com, 560.8
homedepot.com, 1586
spotify.com, 2872.2
teepr.com, 1382
udn.com, 
popcash.net, 1080
mobile01.com, 1898.2
dell.com, 
milliyet.com.tr, 4205.8
softonic.com, 1593.8
evernote.com, 810.8
whatsapp.com, 
chinatimes.com, 
gameforge.com, 2073.4
moz.com, 780
google.com.bd, 259
gizmodo.com, 
samsung.com, 
gsmarena.com, 
google.no, 309.4
meetup.com, 1648.6
newegg.com, 4977.6
ganji.com, 
babytree.com, 6294.2
kompas.com, 5255.2
capitalone.com, 1497.6
amazon.ca, 
theverge.com, 5010.2
codecanyon.net, 1713.2
detik.com, 5249.4
google.ae, 387.8
disqus.com, 
answers.com, 
tube8.com, 1514
photobucket.com, 
extratorrent.cc, 
ebay.in, 2719.2
cricbuzz.com, 
libero.it, 4136.4
bitly.com, 3299.4
googleapis.com, 67.6
abs-cbnnews.com, 4781.2
ce.cn, 
reuters.com, 
autohome.com.cn, 4574.6
google.cz, 276.8
speedtest.net, 
clickyab.com, 1457.6
varzesh3.com, 3962.4
lady8844.com, 2634.2
tistory.com, 1959
thefreedictionary.com, 
doublepimp.com, 790
2ch.net, 
huanqiu.com, 10400.8
google.co.hu, 538.2
google.com.pe, 251.2
ameba.jp, 
google.ie, 254
justdial.com, 
ask.fm, 767.8
sahibinden.com, 3679.6
58.com, 890
google.co.il, 278.8
hudong.com, 
webssearches.com, 598.8
time.com, 
oracle.com, 2181.4
surveymonkey.com, 1286.4
paytm.com, 
eksisozluk.com, 
wired.com, 
onlinesbi.com, 
ltn.com.tw, 2804.6
olx.in, 
b5m.com, 3763.8
att.com, 1830.2
twimg.com, 
verizonwireless.com, 3547.4
expedia.com, 4026.2
cbssports.com, 
naukri.com, 2163.4
theadgateway.com, 208
taleo.net, 2477.6
scribd.com, 2742.4
tlbb8.com, 
abril.com.br, 3133.2
google.com.my, 438.2
google.com.vn, 347.8
free.fr, 1496.6
repubblica.it, 6387.4
ebay.com.au, 2730
kouclo.com, 3081.4
reimageplus.com, 
blog.jp, 639.2
xda-developers.com, 
list-manage.com, 358.2
okcupid.com, 
gmarket.co.kr, 2175.6
ebay.it, 2084.6
glassdoor.com, 1463.6
cloudfront.net, 
irs.gov, 
google.com.sa, 282.6
citibank.com, 
odesk.com, 1648.6
battle.net, 859.8
nba.com, 4474.2
infusionsoft.com, 1772
privatehomeclips.com, 2816
kayak.com, 4066.8
yandex.ua, 
retailmenot.com, 559.6
enet.com.cn, 2985.2
icc-cricket.com, 2025.2
uploaded.net, 1159.4
ck101.com, 
hostgator.com, 1304.6
woot.com, 
tmz.com, 8121.6
kaskus.co.id, 
asana.com, 
xywy.com, 4473
trulia.com, 1488.6
wunderground.com, 1460.4
icloud.com, 
clien.net, 
hstpnetwork.com, 2212.8
macys.com, 1884
goal.com, 
livedoor.biz, 773.8
wetransfer.com, 
mobile.de, 2757
vipcpms.com, 284.6
trackingclick.net, 272
npr.org, 1759.6
marca.com, 
zoho.com, 988.4
drseks.com, 
it168.com, 
webtretho.com, 1518.2
eyny.com, 
cnzz.com, 
php.net, 319.4
4shared.com, 1868.2
constantcontact.com, 1690.4
rambler.ru, 
xe.com, 1514.8
issuu.com, 1353
elance.com, 882.8
fbcdn.net, 898.8
gap.com, 
adplxmd.com, 327.2
bhaskar.com, 5299.6
ink361.com, 2071.8
google.fi, 390.2
fanli.com, 2675.4
urbandictionary.com, 
hotels.com, 2076
csdn.net, 15817.6
intoday.in, 3349.8
corriere.it, 3512
rutracker.org, 
slack.com, 1505
gawker.com, 
google.sk, 303.2
6pm.com, 426.4
liputan6.com, 3566.8
sex.com, 3264.6
eventbrite.com, 5363.4
chinaz.com, 4015.6
lazada.co.id, 1735.6
elpais.com, 3888.6
chaturbate.com, 2181.4
nyaa.se, 545.8
styletv.com.cn, 
myntra.com, 1793.8
blogimg.jp, 
timeanddate.com, 462.2
eastmoney.com, 3702.2
azlyrics.com, 
moneycontrol.com, 2816.2
goo.gl, 
ptt01.cc, 
avito.ru, 3190.4
java.com, 448.2
nordstrom.com, 2415.4
nbcnews.com, 2787.6
slate.com, 2082.2
shopclues.com, 
vnexpress.net, 
williamhill.com, 756.4
latimes.com, 881
tabelog.com, 2426.6
squarespace.com, 
domaintools.com, 624.2
asos.com, 1472.8
independent.co.uk, 
exoclick.com, 
ero-advertising.com, 865.2
irctc.co.in, 
google.dk, 357.8
jqw.com, 2174.4
kijiji.ca, 
doubleclick.com, 663.4
youboy.com, 2056.2
zippyshare.com, 1143.8
etao.com, 3177.4
abcnews.go.com, 2358.6
impress.co.jp, 484.2
hatena.ne.jp, 
albawabhnews.com, 2509
statcounter.com, 606
houzz.com, 1077.6
youdao.com, 802.2
stockstar.com, 
aparat.com, 4405.6
eonline.com, 4106.4
ehow.com, 1160.8
aweber.com, 
fh21.com.cn, 3864.4
southwest.com, 
shopify.com, 1552.4
liveinternet.ru, 1052
lenovo.com, 
rt.com, 2890.6
donga.com, 3968
rottentomatoes.com, 1452.2
onedio.com, 2653.2
in.com, 
mega.co.nz, 878.2
truemediapipe.com, 
mi.com, 550.6
realtor.com, 1058.8
appledaily.com.tw, 
gazeta.pl, 5351.8
17ok.com, 2214.2
mackeeper.com, 2141
gamefaqs.com, 
airbnb.com, 
nike.com, 
blog.me, 2007.6
elmundo.es, 
hubspot.com, 2548.8
olx.pl, 
ca.gov, 2949.8
xunlei.com, 
beeg.com, 976.4
nydailynews.com, 7116.4
ig.com.br, 8804.8
airtel.in, 1179.2
semrush.com, 
wikiwiki.jp, 
bitauto.com, 
blogspot.jp, 
seesaa.net, 
onlylady.com, 
kohls.com, 
hm.com, 726.4
priceline.com, 1809.6
finstorieslive.com, 
basecamp.com, 836.4
neobux.com, 436
folha.uol.com.br, 
dianping.com, 1718.4
pof.com, 746.8
box.com, 1704.6
subito.it, 1945
11st.co.kr, 
trklnks.com, 
entrepreneur.com, 
udemy.com, 
verizon.com, 
renren.com, 
streamcloud.eu, 836.4
mixi.jp, 
zing.vn, 
staticwebdom.com, 
digikala.com, 5027.6
nownews.com, 
overstock.com, 1810.8
rbc.ru, 15906
ewt.cc, 
fidelity.com, 746.8
buzzfil.net, 
kotaku.com, 
rednet.cn, 5621.2
jrj.com.cn, 3974.6
ancestry.com, 
bodybuilding.com, 
japanpost.jp, 774.8
livescore.com, 1273.4
agoda.com, 
shaadi.com, 2211.6
vine.co, 2886
discovercard.com, 1147
nifty.com, 
allrecipes.com, 3120
voc.com.cn, 3738
instructables.com, 
eastday.com, 11203.2
jimdo.com, 1326.8
drudgereport.com, 
pcgames.com.cn, 1992.6
interia.pl, 6871
soku.com, 1605.2
ebay.fr, 1818.2
mystartsearch.com, 591.4
workercn.cn, 9773.8
lowes.com, 2152.4
behance.net, 539
chron.com, 
haber7.com, 
medium.com, 1452.4
ticketmaster.com, 
people.com, 3628
adsrvmedia.net, 
pinimg.com, 
faithtap.com, 849.8
ad6media.fr, 1918
mlb.com, 
bluehost.com, 1760.8
wiktionary.org, 222.6
goodgamestudios.com, 491
blackboard.com, 2207.6
jmpdirect01.com, 72
omiga-plus.com, 274.8
blogspot.co.uk, 
digg.com, 2491.4
mynavi.jp, 6779.6
freepik.com, 1272.4
patch.com, 2018.6
sakura.ne.jp, 6697
cracked.com, 1935.2
so-net.ne.jp, 
saramin.co.kr, 
atwiki.jp, 3985.6
google.co.nz, 282.2
io9.com, 
rvfrm2007.com, 90.8
m-w.com, 
bhphotovideo.com, 1546.8
youtube-mp3.org, 
youjizz.com, 3505.2
kdnet.net, 6251.8
scoop.it, 2150.2
mirror.co.uk, 
academia.edu, 975.2
ero-video.net, 1865.4
makemytrip.com, 3636.6
duckduckgo.com, 255.6
siteadvisor.com, 462.8
united.com, 3091.4
myfitnesspal.com, 3142.2
histats.com, 1491.6
playstation.com, 1868.4
315che.com, 1098.4
gutefrage.net, 2535.6
cnbc.com, 
marketwatch.com, 524.4
facenama.com, 3374
liveleak.com, 1580.6
mackolik.com, 1186.4
pcmag.com, 
costco.com, 1160
yhd.com, 6312.8
ad132m.com, 
ted.com, 788.2
lemonde.fr, 
adp.com, 1493
yoka.com, 6601.8
zulily.com, 
vetogate.com, 
terra.com.br, 
backpage.com, 210.4
cbslocal.com, 
prntscr.com, 1378.4
hdzog.com, 2945
bestadbid.com, 
custhelp.com, 3294.6
sulekha.com, 
biglobe.ne.jp, 
disney.go.com, 2116
savefrom.net, 
lefigaro.fr, 8862
4chan.org, 251.4
asus.com, 822.4
mint.com, 1901.8
el-balad.com, 
news.com.au, 
torcache.net, 832
billdesk.com, 703.2
change.org, 2021.6
delta.com, 4077.8
slimspots.com, 1303.2
cookpad.com, 3516.4
foodnetwork.com, 2615.6
tinyurl.com, 
4dsply.com, 159.6
stanford.edu, 541.6
android.com, 974.2
r10.net, 
india.com, 4281.6
webex.com, 904.4
ashleyrnadison.com, 704.6
primewire.ag, 
momoshop.com.tw, 
nate.com, 
ibm.com, 3120.8
coursera.org, 4202
atlassian.net, 
trovi.com, 658
comcast.com, 2522
mihanblog.com, 4763.8
nhl.com, 
v1.cn, 
milanuncios.com, 665.8
ruten.com.tw, 3686.8
rapidgator.net, 1403.6
westernjournalism.com, 2985.4
elfagr.org, 3242.8
auction.co.kr, 2028.2
babycenter.com, 
subscene.com, 
swagbucks.com, 
nfl.com, 2571.8
sears.com, 2325.4
letv.com, 
thehindu.com, 6180.2
ad4game.com, 1658
e-hentai.org, 853.8
www.gov.uk, 
cnblogs.com, 1028.8
focus.de, 10153.4
mit.edu, 947.4
pchome.com.tw, 
lightinthebox.com, 2745
sfgate.com, 
google.rs, 554.6
104.com.tw, 6215
nikkei.com, 6962.8
zappos.com, 
4399.com, 1146.2
shareasale.com, 2000.2
lenta.ru, 
rightmove.co.uk, 1363.6
weblio.jp, 
sahadan.com, 3180.4
sciencedirect.com, 1217.8
epweike.com, 6194.6
usmagazine.com, 4083.2
google.com.ph, 267.6
w3.org, 
suning.com, 1052.8
elmawke3.com, 
totaladperformance.com, 97.2
126.com, 2735.2
xing.com, 2749.2
huaban.com, 3321.8
olx.com.br, 925.8
novinky.cz, 
32d1d3b9c.se, 5466
eenadu.net, 7128.8
instructure.com, 2049.6
qianlong.com, 
itmedia.co.jp, 
gyazo.com, 
commentcamarche.net, 
exblog.jp, 9383.4
dangdang.com, 2875.2
match.com, 2178.4
yts.re, 1516.4
21cn.com, 3678.6
filehippo.com, 
reverso.net, 2682.4
superuser.com, 1508.6
sbnation.com, 7132.4
bukalapak.com, 
blogspot.de, 
virgilio.it, 6814.8
wav.tv, 2409.6
douyutv.com, 1926.2
nbcsports.com, 
indianexpress.com, 4502.8
weather.gov, 605.2
mynet.com, 
taringa.net, 6227
pagesjaunes.fr, 3583.4
sh.st, 4732.8
usaa.com, 
livestrong.com, 
sfr.fr, 
pch.com, 4831.6
anitube.se, 199.4
altervista.org, 2150.4
investopedia.com, 3331.6
what-character-are-you.com, 
twoo.com, 
slrclub.com, 
junbi-tracker.com, 269
aa.com, 2389
europa.eu, 995.4
asahi.com, 4530.8
warofclicks.com, 
scoopwhoop.com, 1168.2
ad120m.com, 
tomshardware.com, 331
zhaopin.com, 1743.2
cisco.com, 1270.2
k618.cn, 
dreamstime.com, 737.8
sky.com, 
monster.com, 
cbsnews.com, 
istockphoto.com, 2287.8
xbox.com, 
tutorialspoint.com, 
deadspin.com, 
immobilienscout24.de, 4197.4
ringring.vn, 
lequipe.fr, 4364.2
leagueoflegends.com, 668.8
itau.com.br, 1584.8
clicksvenue.com, 5279
quizlet.com, 1639.2
theatlantic.com, 
ccb.com, 
nypost.com, 6915.4
plarium.com, 2756.2
web.tv, 2822.4
usbank.com, 841.8
freelancer.com, 
cdiscount.com, 9877
acfun.tv, 1787.4
12306.cn, 
google.co.th, 345.8
mayoclinic.org, 1614
oyunskor.com, 1993
farsnews.com, 5481.8
t-mobile.com, 3763
chexun.com, 4726.2
apache.org, 553.8
dafont.com, 
vcommission.com, 3181.4
abplive.in, 4959.6
tsite.jp, 7724.2
informer.com, 486.2
imobile.com.cn, 17751
typepad.com, 500.2
searchengineland.com, 
sharepoint.com, 2472.6
techradar.com, 2924.2
google.hr, 225.2
myfreecams.com, 1197.8
geocities.jp, 1859.8
who.is, 
s2d6.com, 255.2
gamespot.com, 
22find.com, 1618.2
putlocker.is, 1974.6
elitedaily.com, 2988.8
189.cn, 1996.4
gamer.com.tw, 
gumtree.com, 2607.4
indiamart.com, 
vi-view.com, 328.4
ucoz.ru, 3031.6
firstpost.com, 
gittigidiyor.com, 11808.2
thedailybeast.com, 
yandex.com.tr, 1242.8
nhk.or.jp, 2640.2
bufferapp.com, 
warriorforum.com, 
smh.com.au, 
olx.ua, 
sapo.pt, 
51job.com, 4371
elwatannews.com, 
cbc.ca, 
tagged.com, 1105
fitbit.com, 
movie4k.to, 3680.6
coupons.com, 
citrixonline.com, 
nationalgeographic.com, 1040
mercadolibre.com.ar, 1587.4
roblox.com, 819.8
zomato.com, 1838.8
motherless.com, 2634.2
howtogeek.com, 
redfin.com, 3469.6
rakuten.ne.jp, 97.8
2345.com, 
gamepedia.com, 
prothom-alo.com, 3551.6
battlefield.com, 
yodobashi.com, 2181.6
inc.com, 
gazzetta.it, 4216.8
hubpages.com, 694.4
popsugar.com, 2888.8
ytimg.com, 
yellowpages.com, 2564.2
kinopoisk.ru, 4613
caixa.gov.br, 5033.8
media-fire.org, 1780.2
ebates.com, 
liveperson.net, 
flirchi.com, 
ultimate-guitar.com, 1861
indiegogo.com, 4255.8
himado.in, 
androidcentral.com, 
sporx.com, 
envato.com, 737
qingdaonews.com, 
tutsplus.com, 
tahrirnews.com, 3243
jumia.com.ng, 3981
makeuseof.com, 
gofundme.com, 1523.8
123rf.com, 
ew.com, 3736.6
almasryalyoum.com, 5979.4
hollywoodreporter.com, 4332.8
zara.com, 729
harvard.edu, 927.8
marriott.com, 2675.6
wiley.com, 2193.2
hilton.com, 4481.4
arstechnica.com, 
pixabay.com, 708.6
jia.com, 3927.2
intel.com, 
cnmo.com, 10569.4
dict.cc, 3001.6
allocine.fr, 3455.6
adultfriendfinder.com, 
tribunnews.com, 
leadpages.net, 
bloglovin.com, 
tnaflix.com, 
globososo.com, 211.2
nasa.gov, 
mediaset.it, 
olx.co.id, 1009
foursquare.com, 
worldstarhiphop.com, 
porn.com, 1731.6
donanimhaber.com, 
ed.gov, 1232.6
marktplaats.nl, 
ixxx.com, 1857.4
jquery.com, 831.6
salon.com, 
mpnrs.com, 383.2
americanas.com.br, 3457.6
bankmellat.ir, 5586.6
pbs.org, 2612.8
as.com, 
drtuber.com, 2553.4
indianrail.gov.in, 2980.2
getpocket.com, 
viralnova.com, 1247
yam.com, 
bookmyshow.com, 2972
macrumors.com, 
forever21.com, 1361.2
ebay.ca, 1847.4
usnews.com, 1669.6
rakuten.com, 4074
google.bg, 309.4
114la.com, 3464.4
researchgate.net, 708.2
